NBC,BOX NO.,REV,6 DIGIT,LENGTH,WIDTH,DEPTH,STYLE,TEST,PRINTING,COMENT,PZS X HOJA,MEDIDA CORTE A CORTE,ANCHO  CM,LARGO CM,TAPA CM,ALTURA CM,FONDO CM,MATERIAL,OUT/LENGTH,OUT/WIDTH,OUT/DEPTH,CUBE/1,CUBE/12,CUBE/6,CUBE/4,GIR&LNTH/84,SQ FT OF ITEM,LB PER SQ FT,ITEM WT/LB,T/B FLAT DIM,L/R FLAT DIM
NBC320,88J-12,A,026371,23,17.375,9.75,RSC,200 OR 32ECT,PLAIN,NA,NA,NA,70.165,211.105,22.4,25.365,22.4,NA,23.25,17.625,10.25,2.430704753,0.202558729,0.405117459,0.607676188,79,15.91384549,0.122,1.941489149,28.125,40.375
NBC319,C2-BROWN,a,481331,3.875,3.875,5.4375,TTQB,.018CCNB,PLAIN ,WHITE (CLAY COATED) SIDE TO BE CARTON INSIDE,2,40.98x56.56,44,59,NA,NA,NA,0.018,3.911,3.911,5.4915,0.048609693,NA,NA,NA,NA,NA,NA,NA,NA,NA
NBC319,G1-1/2-BROWN,b,401550,4.5625,4.5625,5.9375,TTQB,.018CCNB,PLAIN ,WHITE (CLAY COATED) SIDE TO BE CARTON INSIDE,2,47.96x63.84,51,66.5,NA,NA,NA,0.018,4.5985,4.5985,5.9915,0.073320296,NA,NA,NA,NA,NA,NA,NA,NA,NA
NBC108,1712,0,600474,9.25,7.875,4.9375,RSC,200 OR 32ECT,PLAIN,Spec provided by QMX,NA,NA,NA,NA,NA,NA,NA,NA,9.5,8.125,5.4375,0.242886013,0.020240501,0.040481002,0.060721503,36.625,3.3671875,0.122,0.410796875,13.8125,17.125
NBC108,2067,0,600460,20.25,6.875,7.0625,RSC,200 OR 32ECT,PLAIN,Spec provided by QMX,NA,NA,NA,NA,NA,NA,NA,NA,20.5,7.125,7.5625,0.639234755,0.053269563,0.106539126,0.159808689,49.875,5.700954861,0.122,0.695516493,14.9375,27.125
NBC108,1704,0,780000,9.9375,6.25,3.5625,RSC,200 OR 32ECT,PLAIN,Spec provided by QMX,NA,NA,NA,NA,NA,NA,NA,NA,10.1875,6.5,4.0625,0.155679208,0.012973267,0.025946535,0.038919802,31.3125,2.483344184,0.122,0.30296799,10.8125,16.1875
NBC108,2042C,0,104410,20.3125,20.3125,7.0625,RSC,200 OR 32ECT,PLAIN,Spec provided by QMX,NA,NA,NA,NA,NA,NA,NA,NA,20.5625,20.5625,7.5625,1.850433491,0.154202791,0.308405582,0.462608373,76.8125,16.13009983,0.122,1.967872179,28.375,40.625
NBC108,2042,0,600495,9.75,9.75,6.625,RSC,200 OR 32ECT,PLAIN,Spec provided by QMX,NA,NA,NA,NA,NA,NA,NA,NA,10,10,7.125,0.412326389,0.034360532,0.068721065,0.103081597,44.25,4.818793403,0.122,0.587892795,17.375,19.5
NBC108,2102,0,657524,21.8125,14.8125,9.3125,RSC,200 OR 32ECT,PLAIN,Spec provided by QMX,NA,NA,NA,NA,NA,NA,NA,NA,22.0625,15.0625,9.8125,1.887068713,0.157255726,0.314511452,0.471767178,71.8125,12.91134983,0.122,1.575184679,25.125,36.625
NBC108,7-2590SY,0,600502,7.0625,7.0625,8.5,RSC,200 OR 32ECT,PLAIN,Spec provided by QMX,NA,NA,NA,NA,NA,NA,NA,NA,7.3125,7.3125,9,0.278503418,0.023208618,0.046417236,0.069625854,39.9375,3.391601563,0.122,0.413775391,16.5625,14.125
NBC108,2136,0,025002,18.25,12.125,6.375,RSC,200 OR 32ECT,PLAIN,Spec provided by QMX as 6 DIGIT 720114,NA,NA,NA,NA,NA,NA,NA,NA,18.5,12.375,6.875,0.910847982,0.075903998,0.151807997,0.227711995,57,8.314453125,0.122,1.014363281,19.5,30.375
NBC108,602,0,600459,24.0625,9.875,10.1875,RSC,200 OR 32ECT,PLAIN,Spec provided by QMX,NA,NA,NA,NA,NA,NA,NA,NA,24.3125,10.125,10.6875,1.522499084,0.126874924,0.253749847,0.380624771,65.9375,10.04736328,0.122,1.22577832,21.0625,33.9375
NBC108,613,0,025000,14.75,13.0625,12.5,RSC,200 OR 32ECT,PLAIN,Spec provided by QMX as 6 DIGIT 722764,NA,NA,NA,NA,NA,NA,NA,NA,15,13.3125,13,1.502278646,0.125189887,0.250379774,0.375569661,67.625,10.45968967,0.122,1.27608214,26.5625,27.8125
NBC108,2,0,025001,7,4.125,11.75,RSC,200 OR 32ECT,PLAIN,Spec provided by QMX as 6 DIGIT 425484,NA,NA,NA,NA,NA,NA,NA,NA,7.25,4.375,12.25,0.224858037,0.01873817,0.037476339,0.056214509,40.5,2.790581597,0.122,0.340450955,16.875,11.125
NBC111,064617 MILLER,NA,25124,22.25,9.5,9.75,RSC,200 OR 32ECT,1C-2P/BLACK,Spec provided by QMX as 6 DIGIT 427235,NA,NA,NA,NA,NA,NA,NA,NA,22.5,9.75,10.25,1.301,0.108,0.217,0.325,62.5,9.0473,0.122,1.1038,20.25,31.75
NBC111,2063,NA,25125,22.25,9.5,9.75,RSC,200 OR 32ECT,PLAIN,Spec provided by QMX as 6 DIGIT 722213,NA,NA,NA,NA,NA,NA,NA,NA,22.5,9.75,10.25,1.301,0.108,0.217,0.325,62.5,9.0473,0.122,1.1038,20.25,31.75
NBC111,1748,NA,600445,15.8125,14.25,4.9375,RSC,200 OR 32ECT,PLAIN,Spec provided by QMX,NA,NA,NA,NA,NA,NA,NA,NA,16.0625,14.5,5.4375,0.733,0.061,0.122,0.183,55.938,8.5103,0.122,1.0383,20.1875,30.0625
NBC111,253107,NA,751892,19.0625,18.25,9.375,RSC,200 OR 32ECT,PLAIN,Spec provided by QMX,NA,NA,NA,NA,NA,NA,NA,NA,19.3125,18.5,9.875,2.042,0.17,0.34,0.51,76.063,14.9875,0.122,1.8285,28.625,37.3125
NBC111,3502,NA,25107,9.875,9.875,13,RSC,200 OR 32ECT,PLAIN,Spec provided by QMX as 6 DIGIT 751896,NA,NA,NA,NA,NA,NA,NA,NA,10.125,10.125,13.5,0.801,0.067,0.133,0.2,57.375,6.7617,0.122,0.8249,23.875,19.75
NBC111,1859,NA,25109,12,9.25,4.8125,RSC,200 OR 32ECT,PLAIN,Spec provided by QMX as 6 DIGIT 7720220,NA,NA,NA,NA,NA,NA,NA,NA,12.25,9.5,5.3125,0.358,0.03,0.06,0.089,41.875,4.5207,0.122,0.5515,15.0625,21.25
NBC111,1776,NA,25110,10.75,10.75,8.6875,RSC,200 OR 32ECT,PLAIN,Spec provided by QMX as 6 DIGIT 119695,NA,NA,NA,NA,NA,NA,NA,NA,11,11,9.1875,0.643,0.054,0.107,0.161,51.375,6.2482,0.122,0.7623,20.4375,21.5
NBC111,20HD,NA,600515,18.6875,14,9.6875,RSC,200 OR 32ECT,PLAIN,Spec provided by QMX,NA,NA,NA,NA,NA,NA,NA,NA,18.9375,14.25,10.1875,1.591,0.133,0.265,0.398,67.813,11.3526,0.122,1.385,24.6875,32.6875
NBC111,1916,NA,104485,10.4375,10.4375,5.9375,RSC,200 OR 32ECT,PLAIN,Spec provided by QMX,NA,NA,NA,NA,NA,NA,NA,NA,10.6875,10.6875,6.4375,0.426,0.035,0.071,0.106,44.938,5.1399,0.122,0.6271,17.375,20.875
NBC111,542710,NA,600431,5.9375,5.9375,2.75,RSC,200 OR 32ECT,PLAIN,Spec provided by QMX,NA,NA,NA,NA,NA,NA,NA,NA,6.1875,6.1875,3.25,0.072,0.006,0.012,0.018,25.063,1.6503,0.122,0.2013,9.6875,11.875
NBC111,2575,NA,600501,8.5,8.5,6.5,RSC,200 OR 32ECT,PLAIN,Spec provided by QMX,NA,NA,NA,NA,NA,NA,NA,NA,8.75,8.75,7,0.31,0.026,0.052,0.078,40.25,3.8889,0.122,0.4744,16,17
NBC111,746,NA,25111,11.875,11.875,7.125,RSC,200 OR 32ECT,PLAIN,Spec provided by QMX as 6 DIGIT 745653,NA,NA,NA,NA,NA,NA,NA,NA,12.125,12.125,7.625,0.649,0.054,0.108,0.162,51.625,6.7181,0.122,0.8196,20,23.75
NBC111,91,NA,600475,21.875,12.625,12.8125,RSC,200 OR 32ECT,PLAIN,Spec provided by QMX,NA,NA,NA,NA,NA,NA,NA,NA,22.125,12.875,13.3125,2.195,0.183,0.366,0.549,74.5,12.8456,0.122,1.5672,26.4375,34.5
NBC111,632,NA,25113,20.9375,9.9375,2,RSC,200 OR 32ECT,PLAIN,Spec provided by QMX as 6 DIGIT 720423,NA,NA,NA,NA,NA,NA,NA,NA,21.1875,10.1875,2.5,0.312,0.026,0.052,0.078,46.563,5.5505,0.122,0.6772,12.9375,30.875
NBC111,270,NA,25114,40.5625,40.5625,17.4375,RSC,200 OR 32ECT,PLAIN,Spec provided by QMX as 6 DIGIT 720965,NA,NA,NA,NA,NA,NA,NA,NA,40.8125,40.8125,17.9375,17.29,1.441,2.882,4.323,158.313,66.7594,0.122,8.1447,59,81.125
NBC111,56,NA,25115,15.8125,15.8125,8.6875,RSC,200 OR 32ECT,PLAIN,Spec provided by QMX as 6 DIGIT 104884,NA,NA,NA,NA,NA,NA,NA,NA,16.0625,16.0625,9.1875,1.372,0.114,0.229,0.343,66.563,11.3458,0.122,1.3842,25.5,31.625
NBC111,2115,NA,25116,24.375,17,12.375,RSC,200 OR 32ECT,PLAIN,Spec provided by QMX as 6 DIGIT 723934,NA,NA,NA,NA,NA,NA,NA,NA,24.625,17.25,12.875,3.165,0.264,0.527,0.791,84.875,17.6324,0.122,2.1512,30.375,41.375
NBC111,1771,NA,25117,6.3125,6.3125,8.6875,RSC,200 OR 32ECT,PLAIN,Spec provided by QMX as 6 DIGIT 119687,NA,NA,NA,NA,NA,NA,NA,NA,6.5625,6.5625,9.1875,0.229,0.019,0.038,0.057,38.063,2.9508,0.122,0.36,16,12.625
NBC111,2079,NA,25118,25.25,14.375,14.625,RSC,200 OR 32ECT,PLAIN,Spec provided by QMX as 6 DIGIT 504467,NA,NA,NA,NA,NA,NA,NA,NA,25.5,14.625,15.125,3.264,0.272,0.544,0.816,85,16.7107,0.122,2.0387,30,39.625
NBC111,999,NA,600509,20.5,15.75,10.0625,RSC,200 OR 32ECT,PLAIN,Spec provided by QMX,NA,NA,NA,NA,NA,NA,NA,NA,20.75,16,10.5625,2.029,0.169,0.338,0.507,73.875,13.6496,0.122,1.6653,26.8125,36.25
NBC111,638,NA,213490,9.3125,9.3125,7.5,RSC,200 OR 32ECT,PLAIN,Spec provided by QMX,NA,NA,NA,NA,NA,NA,NA,NA,9.5625,9.5625,8,0.423,0.035,0.071,0.106,44.688,4.7345,0.122,0.5776,17.8125,18.625
NBC111,1680,NA,25119,22.625,10.75,11,RSC,200 OR 32ECT,PLAIN,Spec provided by QMX as 6 DIGIT 723245,NA,NA,NA,NA,NA,NA,NA,NA,22.875,11,11.5,1.675,0.14,0.279,0.419,67.875,10.6858,0.122,1.3037,22.75,33.375
NBC111,2061,NA,25121,26.125,17.4375,13.125,RSC,200 OR 32ECT,PLAIN,Spec provided by QMX as 6 DIGIT 217115,NA,NA,NA,NA,NA,NA,NA,NA,26.375,17.6875,13.625,3.678,0.307,0.613,0.92,89,19.2809,0.122,2.3523,31.5625,43.5625
NBC111,2068,NA,25122,15.75,9,7.75,RSC,200 OR 32ECT,PLAIN,Spec provided by QMX as 6 DIGIT 723275,NA,NA,NA,NA,NA,NA,NA,NA,16,9.25,8.25,0.707,0.059,0.118,0.177,51,6.2088,0.122,0.7575,17.75,24.75
NBC111,1969,NA,25123,15.8125,10.5625,7.3125,RSC,200 OR 32ECT,PLAIN,Spec provided by QMX as 6 DIGIT 114201,NA,NA,NA,NA,NA,NA,NA,NA,16.0625,10.8125,7.8125,0.785,0.065,0.131,0.196,53.313,7.0199,0.122,0.8564,18.875,26.375
NBC111,1639,NA,25126,16.0625,10.8125,4.875,RSC,200 OR 32ECT,PLAIN,Spec provided by QMX as 6 DIGIT 705853,NA,NA,NA,NA,NA,NA,NA,NA,16.3125,11.0625,5.375,0.561,0.047,0.094,0.14,49.188,6.2963,0.122,0.7682,16.6875,26.875
NBC111,87363,NA,104433,23.8125,10.75,11,RSC,200 OR 32ECT,PLAIN,Spec provided by QMX,NA,NA,NA,NA,NA,NA,NA,NA,24.0625,11,11.5,1.762,0.147,0.294,0.44,69.063,11.0569,0.122,1.3489,22.75,34.5625
NBC111,3890,NA,104428,21.25,18.3125,8.75,RSC,200 OR 32ECT,PLAIN,Spec provided by QMX,NA,NA,NA,NA,NA,NA,NA,NA,21.5,18.5625,9.25,2.136,0.178,0.356,0.534,77.125,15.5558,0.122,1.8978,28.0625,39.5625
NBC111,7-1532,NA,602127,3.9375,3.9375,14.375,RSC,200 OR 32ECT,PLAIN,Spec provided by QMX,NA,NA,NA,NA,NA,NA,NA,NA,4.1875,4.1875,14.875,0.151,0.013,0.025,0.038,42.313,2.3465,0.122,0.2863,19.3125,7.875
NBC111,2300,NA,600528,11.4375,11.4375,17.25,RSC,200 OR 32ECT,PLAIN,Spec provided by QMX,NA,NA,NA,NA,NA,NA,NA,NA,11.6875,11.6875,17.75,1.403,0.117,0.234,0.351,70.563,9.711,0.122,1.1847,29.6875,22.875
NBC111,5345,NA,25127,5.5,5.5,15.375,RSC,200 OR 32ECT,PLAIN,Spec provided by QMX as 6 DIGIT 436544,NA,NA,NA,NA,NA,NA,NA,NA,5.75,5.75,15.875,0.304,0.025,0.051,0.076,49,3.5918,0.122,0.4382,21.875,11
NBC111,1763,NA,25128,14.1875,10.375,4.9375,RSC,200 OR 32ECT,PLAIN,Spec provided by QMX as 6 DIGIT 720757,NA,NA,NA,NA,NA,NA,NA,NA,14.4375,10.625,5.4375,0.483,0.04,0.08,0.121,46.563,5.6384,0.122,0.6879,16.3125,24.5625
NBC111,644-O12,NA,644194,14.75,11.25,4.75,RSC,200 OR 32ECT,PLAIN,Spec provided by QMX,NA,NA,NA,NA,NA,NA,NA,NA,15,11.5,5.25,0.524,0.044,0.087,0.131,48.5,6.2105,0.122,0.7577,17,26
NBC111,644-I,NA,253107,3.3125,3.3125,3.9375,RSC,200 OR 32ECT,PLAIN,Spec provided by QMX,NA,NA,NA,NA,NA,NA,NA,NA,3.5625,3.5625,4.4375,0.033,0.003,0.005,0.008,19.563,0.8302,0.122,0.1013,8.25,6.625
NBC111,1888,NA,25129,24.4375,14.9375,12.1875,RSC,200 OR 32ECT,PLAIN,Spec provided by QMX as 6 DIGIT 113565,NA,NA,NA,NA,NA,NA,NA,NA,24.6875,15.1875,12.6875,2.753,0.229,0.459,0.688,80.438,15.5479,0.122,1.8968,28.125,39.375
NBC111,4005,NA,25130,34.625,14.375,14.625,RSC,200 OR 32ECT,PLAIN,Spec provided by QMX as 6 DIGIT 435088,NA,NA,NA,NA,NA,NA,NA,NA,34.875,14.625,15.125,4.464,0.372,0.744,1.116,94.375,20.5844,0.122,2.5113,30,49
NBC111,7-258,NA,600497,6.1875,6.1875,12.625,RSC,200 OR 32ECT,PLAIN,Spec provided by QMX,NA,NA,NA,NA,NA,NA,NA,NA,6.4375,6.4375,13.125,0.315,0.026,0.052,0.079,45.563,3.6121,0.122,0.4407,19.8125,12.375
NBC111,2233,NA,751895,22.25,15.1875,15.9375,RSC,200 OR 32ECT,PLAIN,Spec provided by QMX,NA,NA,NA,NA,NA,NA,NA,NA,22.5,15.4375,16.4375,3.304,0.275,0.551,0.826,86.25,16.9379,0.122,2.0664,32.125,37.4375
NBC111,7-1596SY,NA,600490,6.0625,6.0625,14.8125,RSC,200 OR 32ECT,PLAIN,Spec provided by QMX,NA,NA,NA,NA,NA,NA,NA,NA,6.3125,6.3125,15.3125,0.353,0.029,0.059,0.088,49.563,3.9248,0.122,0.4788,21.875,12.125
NBC111,AA-1,NA,600499,8.25,8.25,12.625,RSC,200 OR 32ECT,PLAIN,Spec provided by QMX,NA,NA,NA,NA,NA,NA,NA,NA,8.5,8.5,13.125,0.549,0.046,0.091,0.137,51.75,5.2198,0.122,0.6368,21.875,16.5
NBC111,1901,NA,25131,6.375,6.375,9,RSC,200 OR 32ECT,PLAIN,Spec provided by QMX as 6 DIGIT 223979,NA,NA,NA,NA,NA,NA,NA,NA,6.625,6.625,9.5,0.241,0.02,0.04,0.06,38.875,3.0499,0.122,0.3721,16.375,12.75
NBC111,2095,NA,600710,16.625,10.8125,10.625,RSC,200 OR 32ECT,PLAIN,Spec provided by QMX,NA,NA,NA,NA,NA,NA,NA,NA,16.875,11.0625,11.125,1.202,0.1,0.2,0.3,61.25,8.7058,0.122,1.0621,22.4375,27.4375
NBC111,2653,NA,600457,20.0625,20.0625,10.625,RSC,200 OR 32ECT,PLAIN,Spec provided by QMX,NA,NA,NA,NA,NA,NA,NA,NA,20.3125,20.3125,11.125,2.656,0.221,0.443,0.664,83.188,17.8347,0.122,2.1758,31.6875,40.125
NBC111,1773,NA,25132,8.8125,8.8125,8.6875,RSC,200 OR 32ECT,PLAIN,Spec provided by QMX as 6 DIGIT 119423,NA,NA,NA,NA,NA,NA,NA,NA,9.0625,9.0625,9.1875,0.437,0.036,0.073,0.109,45.563,4.6739,0.122,0.5702,18.5,17.625
NBC111,13236,NA,600441,24.0625,18.6875,6.3125,RSC,200 OR 32ECT,PLAIN,Spec provided by QMX,NA,NA,NA,NA,NA,NA,NA,NA,24.3125,18.9375,6.8125,1.815,0.151,0.303,0.454,75.813,15.527,0.122,1.8943,26,42.75
NBC111,3548,NA,25133,11.4173,11.4173,16.1417,RSC,200 OR 32ECT,PLAIN,Spec provided by QMX as 6 DIGIT 114677,NA,NA,NA,NA,NA,NA,NA,NA,11.6673,11.6673,16.6417,1.311,0.109,0.218,0.328,68.285,9.3192,0.122,1.1369,28.5591,22.8346
NBC111,7-1588,NA,600477,4.5,4.5,14.75,RSC,200 OR 32ECT,PLAIN,Spec provided by QMX,NA,NA,NA,NA,NA,NA,NA,NA,4.75,4.75,15.25,0.199,0.017,0.033,0.05,44.75,2.7713,0.122,0.3381,20.25,9
NBC111,3492,NA,25134,14.375,12.9375,14.625,RSC,200 OR 32ECT,PLAIN,Spec provided by QMX as 6 DIGIT 435794,NA,NA,NA,NA,NA,NA,NA,NA,14.625,13.1875,15.125,1.688,0.141,0.281,0.422,71.25,11.068,0.122,1.3503,28.5625,27.3125
NBC111,2154,NA,25135,19.25,10.75,11,RSC,200 OR 32ECT,PLAIN,Spec provided by QMX as 6 DIGIT 720002,NA,NA,NA,NA,NA,NA,NA,NA,19.5,11,11.5,1.428,0.119,0.238,0.357,64.5,9.6311,0.122,1.175,22.75,30
NBC111,125,NA,600434,23.4375,14.375,14.25,RSC,200 OR 32ECT,PLAIN,Spec provided by QMX,NA,NA,NA,NA,NA,NA,NA,NA,23.6875,14.625,14.75,2.957,0.246,0.493,0.739,82.438,15.759,0.122,1.9226,29.625,37.8125
NBC111,10,NA,602117,6,6,8.0625,RSC,200 OR 32ECT,PLAIN,Spec provided by QMX,NA,NA,NA,NA,NA,NA,NA,NA,6.25,6.25,8.5625,0.194,0.016,0.032,0.048,35.875,2.6459,0.122,0.3228,15.0625,12
NBC111,159,NA,25137,24.25,21.75,12.0625,RSC,200 OR 32ECT,PLAIN,Spec provided by QMX as 6 DIGIT 720442,NA,NA,NA,NA,NA,NA,NA,NA,24.5,22,12.5625,3.919,0.327,0.653,0.98,93.625,22.4307,0.122,2.7365,34.8125,46
NBC111,3702,NA,25138,24.3125,16.25,24.375,RSC,200 OR 32ECT,PLAIN,Spec provided by QMX as 6 DIGIT 2210156,NA,NA,NA,NA,NA,NA,NA,NA,24.5625,16.5,24.875,5.834,0.486,0.972,1.459,107.313,23.8126,0.122,2.9051,41.625,40.5625
NBC111,631,NA,25139,18.5625,18.5625,2.4375,RSC,200 OR 32ECT,PLAIN,Spec provided by QMX as 6 DIGIT 720424,NA,NA,NA,NA,NA,NA,NA,NA,18.8125,18.8125,2.9375,0.602,0.05,0.1,0.15,62.313,11.3914,0.122,1.3897,22,37.125
NBC111,31,NA,25140,19.125,15.0625,9.4375,RSC,200 OR 32ECT,PLAIN,Spec provided by QMX as 6 DIGIT 127337,NA,NA,NA,NA,NA,NA,NA,NA,19.375,15.3125,9.9375,1.706,0.142,0.284,0.427,69.875,12.251,0.122,1.4946,25.5,34.1875
NBC111,45,NA,600430,11,9.6875,11.4375,RSC,200 OR 32ECT,PLAIN,Spec provided by QMX,NA,NA,NA,NA,NA,NA,NA,NA,11.25,9.9375,11.9375,0.772,0.064,0.129,0.193,55,6.5408,0.122,0.798,22.125,20.6875
NBC111,2788,NA,25141,11.4375,9.5625,9.3125,RSC,200 OR 32ECT,PLAIN,Spec provided by QMX as 6 DIGIT 706038,NA,NA,NA,NA,NA,NA,NA,NA,11.6875,9.8125,9.8125,0.651,0.054,0.109,0.163,50.938,5.9454,0.122,0.7253,19.875,21
NBC111,2930,NA,600487,8.875,8.875,16.3125,RSC,200 OR 32ECT,PLAIN,Spec provided by QMX,NA,NA,NA,NA,NA,NA,NA,NA,9.125,9.125,16.8125,0.81,0.068,0.135,0.203,61,6.7204,0.122,0.8199,26.1875,17.75
NBC111,925,NA,25142,18.1875,6.5625,6.3125,RSC,200 OR 32ECT,PLAIN,Spec provided by QMX as 6 DIGIT 720769,NA,NA,NA,NA,NA,NA,NA,NA,18.4375,6.8125,6.8125,0.495,0.041,0.083,0.124,45.688,4.8373,0.122,0.5902,13.875,24.75
NBC111,3549,NA,600433,17.6875,14.4375,14.25,RSC,200 OR 32ECT,PLAIN,Spec provided by QMX,NA,NA,NA,NA,NA,NA,NA,NA,17.9375,14.6875,14.75,2.249,0.187,0.375,0.562,76.813,13.4669,0.122,1.643,29.6875,32.125
NBC111,101,NA,600444,10.375,7.1875,7,RSC,200 OR 32ECT,PLAIN,Spec provided by QMX,NA,NA,NA,NA,NA,NA,NA,NA,10.625,7.4375,7.5,0.343,0.029,0.057,0.086,40.5,3.8124,0.122,0.4651,15.1875,17.5625
NBC111,151,NA,600452,12.625,10.625,10.25,RSC,200 OR 32ECT,PLAIN,Spec provided by QMX,NA,NA,NA,NA,NA,NA,NA,NA,12.875,10.875,10.75,0.871,0.073,0.145,0.218,56.125,7.2266,0.122,0.8816,21.875,23.25
NBC111,1513,NA,600450,8.125,5.4375,4.5,RSC,200 OR 32ECT,PLAIN,Spec provided by QMX,NA,NA,NA,NA,NA,NA,NA,NA,8.375,5.6875,5,0.138,0.011,0.023,0.034,29.75,2.1308,0.122,0.26,10.9375,13.5625
NBC111,1646,NA,600489,11.8125,11.8125,10.6875,RSC,200 OR 32ECT,PLAIN,Spec provided by QMX,NA,NA,NA,NA,NA,NA,NA,NA,12.0625,12.0625,11.1875,0.942,0.079,0.157,0.236,58.563,7.8875,0.122,0.9623,23.5,23.625
NBC111,724,NA,25143,24,17.875,12.125,RSC,200 OR 32ECT,PLAIN,Spec provided by QMX as 6 DIGIT 722015,NA,NA,NA,NA,NA,NA,NA,NA,24.25,18.125,12.625,3.211,0.268,0.535,0.803,85.75,18.2072,0.122,2.2213,31,41.875
NBC111,1775,NA,25144,15.5625,6.3125,8.6875,RSC,200 OR 32ECT,PLAIN,Spec provided by QMX as 6 DIGIT 119661,NA,NA,NA,NA,NA,NA,NA,NA,15.8125,6.5625,9.1875,0.552,0.046,0.092,0.138,47.313,4.9743,0.122,0.6069,16,21.875
NBC111,1774,NA,25145,10.875,8.5625,8.6875,RSC,200 OR 32ECT,PLAIN,Spec provided by QMX as 6 DIGIT 119652,NA,NA,NA,NA,NA,NA,NA,NA,11.125,8.8125,9.1875,0.521,0.043,0.087,0.13,47.125,5.0641,0.122,0.6178,18.25,19.4375
NBC111,1902,NA,600516,17.3125,13,7.875,RSC,200 OR 32ECT,PLAIN,Spec provided by QMX,NA,NA,NA,NA,NA,NA,NA,NA,17.5625,13.25,8.375,1.128,0.094,0.188,0.282,60.813,9.3271,0.122,1.1379,21.875,30.3125
NBC111,1769,NA,25146,6.625,6.625,30.5,RSC,200 OR 32ECT,PLAIN,Spec provided by QMX as 6 DIGIT 2210048,NA,NA,NA,NA,NA,NA,NA,NA,6.875,6.875,31,0.848,0.071,0.141,0.212,82.625,7.5022,0.122,0.9153,38.125,13.25
NBC111,2094,NA,25147,19.375,19.375,17,RSC,200 OR 32ECT,PLAIN,Spec provided by QMX as 6 DIGIT 723936,NA,NA,NA,NA,NA,NA,NA,NA,19.625,19.625,17.5,3.9,0.325,0.65,0.975,93.875,20.3902,0.122,2.4876,37.375,38.75
NBC111,294,NA,600517,19.3125,14.5625,11,RSC,200 OR 32ECT,PLAIN,Spec provided by QMX,NA,NA,NA,NA,NA,NA,NA,NA,19.5625,14.8125,11.5,1.928,0.161,0.321,0.482,72.188,12.6622,0.122,1.5448,26.5625,33.875
NBC111,3737,NA,600438,5.5,5.5,13.375,RSC,200 OR 32ECT,PLAIN,Spec provided by QMX,NA,NA,NA,NA,NA,NA,NA,NA,5.75,5.75,13.875,0.265,0.022,0.044,0.066,45,3.255,0.122,0.3971,19.875,11
NBC111,7-1596,NA,600482,10.4375,10.4375,17.125,RSC,200 OR 32ECT,PLAIN,Spec provided by QMX,NA,NA,NA,NA,NA,NA,NA,NA,10.6875,10.6875,17.625,1.165,0.097,0.194,0.291,67.313,8.5583,0.122,1.0441,28.5625,20.875
NBC111,3503,NA,25148,5.5,5.5,12.625,RSC,200 OR 32ECT,PLAIN,Spec provided by QMX as 6 DIGIT 113425,NA,NA,NA,NA,NA,NA,NA,NA,5.75,5.75,13.125,0.251,0.021,0.042,0.063,43.5,3.1287,0.122,0.3817,19.125,11
NBC115,503H-WHITE,NA,4350,5.0625,5.0625,10.75,TTQB,.024CCNB,PLAIN ,AQUEOUS COATING,NA,NA,NA,NA,NA,NA,NA,NA,NA,NA,NA,NA,NA,NA,NA,NA,NA,NA,NA,NA,NA
NBC115,A1-1/2-WHITE,NA,112577,3.0625,3.0625,5.1875,TTQB,.018CCNB,PLAIN ,AQUEOUS COATING,NA,NA,NA,NA,NA,NA,NA,NA,NA,NA,NA,NA,NA,NA,NA,NA,NA,NA,NA,NA,NA
NBC115,A2-WHITE,NA,112585,3.0625,3.0625,6.75,TTQB,.018CCNB,PLAIN ,AQUEOUS COATING,NA,NA,NA,NA,NA,NA,NA,NA,NA,NA,NA,NA,NA,NA,NA,NA,NA,NA,NA,NA,NA
NBC115,C4-WHITE,NA,112607,3.875,3.875,7.25,TTQB,.018CCNB,PLAIN ,AQUEOUS COATING,NA,NA,NA,NA,NA,NA,NA,NA,NA,NA,NA,NA,NA,NA,NA,NA,NA,NA,NA,NA,NA
NBC115,C2-WHITE,NA,112623,3.875,3.875,5.4375,TTQB,.018CCNB,PLAIN ,AQUEOUS COATING,NA,NA,NA,NA,NA,NA,NA,NA,NA,NA,NA,NA,NA,NA,NA,NA,NA,NA,NA,NA,NA
NBC115,C5-WHITE,NA,112631,3.875,3.875,9.5,TTQB,.018CCNB,PLAIN ,AQUEOUS COATING,NA,NA,NA,NA,NA,NA,NA,NA,NA,NA,NA,NA,NA,NA,NA,NA,NA,NA,NA,NA,NA
NBC115,3-WHITE,NA,112640,4.25,4.25,5.0313,TTQB,.018CCNB,PLAIN ,AQUEOUS COATING,NA,NA,NA,NA,NA,NA,NA,NA,NA,NA,NA,NA,NA,NA,NA,NA,NA,NA,NA,NA,NA
NBC115,7-WHITE,NA,112666,4.375,4.375,7.3125,TTQB,.018CCNB,PLAIN ,AQUEOUS COATING,NA,NA,NA,NA,NA,NA,NA,NA,NA,NA,NA,NA,NA,NA,NA,NA,NA,NA,NA,NA,NA
NBC115,FR2-WHITE,NA,112682,4.625,4.625,9.125,TTQB,.018CCNB,PLAIN ,AQUEOUS COATING,NA,NA,NA,NA,NA,NA,NA,NA,NA,NA,NA,NA,NA,NA,NA,NA,NA,NA,NA,NA,NA
NBC115,79I-WHITE,NA,113778,4.25,4.25,10.4375,TTQB,.024CCNB,PLAIN ,AQUEOUS COATING,NA,NA,NA,NA,NA,NA,NA,NA,NA,NA,NA,NA,NA,NA,NA,NA,NA,NA,NA,NA,NA
NBC115,C1/2-WHITE,NA,113859,3.875,3.875,4.3125,TTQB,.018CCNB,PLAIN ,AQUEOUS COATING,NA,NA,NA,NA,NA,NA,NA,NA,NA,NA,NA,NA,NA,NA,NA,NA,NA,NA,NA,NA,NA
NBC115,1E-WHITE,NA,114871,4.75,4.75,10,TTQB,.024CCNB,PLAIN ,AQUEOUS COATING,NA,NA,NA,NA,NA,NA,NA,NA,NA,NA,NA,NA,NA,NA,NA,NA,NA,NA,NA,NA,NA
NBC115,F1-WHITE,NA,340031,5.125,5.125,7.125,TTFFAB,.020CCNB,PLAIN,AQUEOUS COATING,NA,NA,NA,NA,NA,NA,NA,NA,NA,NA,NA,NA,NA,NA,NA,NA,NA,NA,NA,NA,NA
NBC115,7B-WHITE,NA,345827,4.375,4.375,5.5625,TTQB,.018CCNB,PLAIN ,AQUEOUS COATING,NA,NA,NA,NA,NA,NA,NA,NA,NA,NA,NA,NA,NA,NA,NA,NA,NA,NA,NA,NA,NA
NBC115,FR2-BROWN,NA,401080,4.625,4.625,9.125,TTQB,.018CCNB,PLAIN ,WHITE (CLAY COATED) SIDE TO BE CARTON INSIDE,NA,NA,NA,NA,NA,NA,NA,NA,NA,NA,NA,NA,NA,NA,NA,NA,NA,NA,NA,NA,NA
NBC115,G1/2-WHITE,NA,401345,4.5625,4.5625,3.5,TTQB,.018CCNB,PLAIN,AQUEOUS COATING,NA,NA,NA,NA,NA,NA,NA,NA,NA,NA,NA,NA,NA,NA,NA,NA,NA,NA,NA,NA,NA
NBC115,G2-WHITE,NA,401807,4.5625,4.5625,7.25,TTQB,.018CCNB,PLAIN,AQUEOUS COATING,NA,NA,NA,NA,NA,NA,NA,NA,NA,NA,NA,NA,NA,NA,NA,NA,NA,NA,NA,NA,NA
NBC115,G1-1/2-WHITE,NA,401898,4.5625,4.5625,5.9375,TTQB,.018CCNB,PLAIN,AQUEOUS COATING,NA,NA,NA,NA,NA,NA,NA,NA,NA,NA,NA,NA,NA,NA,NA,NA,NA,NA,NA,NA,NA
NBC115,C4-1/2-WHITE,NA,402416,3.875,3.875,8.375,TTQB,.018CCNB,PLAIN ,AQUEOUS COATING,NA,NA,NA,NA,NA,NA,NA,NA,NA,NA,NA,NA,NA,NA,NA,NA,NA,NA,NA,NA,NA
NBC115,C3-1/2-WHITE,NA,404948,3.875,3.875,6.25,TTQB,.018CCNB,PLAIN,AQUEOUS COATING,NA,NA,NA,NA,NA,NA,NA,NA,NA,NA,NA,NA,NA,NA,NA,NA,NA,NA,NA,NA,NA
NBC115,B4-BROWN,NA,406635,3.4375,3.4375,3,TTQB,.018CCNB,PLAIN ,WHITE (CLAY COATED) SIDE TO BE CARTON INSIDE,NA,NA,NA,NA,NA,NA,NA,NA,NA,NA,NA,NA,NA,NA,NA,NA,NA,NA,NA,NA,NA
NBC115,C3-GENPRTS,NA,406749,3.875,3.875,5.8125,TTQB,.018CCNB,GENUINE PARTS,BLACK AQUEOUS COATING,NA,NA,NA,NA,NA,NA,NA,NA,NA,NA,NA,NA,NA,NA,NA,NA,NA,NA,NA,NA,NA
NBC115,G1-WHITE,NA,406876,4.5625,4.5625,5.25,TTQB,.018CCNB,PLAIN,AQUEOUS COATING,NA,NA,NA,NA,NA,NA,NA,NA,NA,NA,NA,NA,NA,NA,NA,NA,NA,NA,NA,NA,NA
NBC115,P1-1/2-4B-WHITE,NA,407045,4.25,1.5,4.25,MSTE,.024CCNB,PLAIN ,AQUEOUS COATING,NA,NA,NA,NA,NA,NA,NA,NA,NA,NA,NA,NA,NA,NA,NA,NA,NA,NA,NA,NA,NA
NBC115,B1-WHITE,NA,407117,3.4375,3.4375,4.375,TTQB,.018CCNB,PLAIN ,AQUEOUS COATING,NA,NA,NA,NA,NA,NA,NA,NA,NA,NA,NA,NA,NA,NA,NA,NA,NA,NA,NA,NA,NA
NBC115,B1-1/2-WHITE,NA,407162,3.4375,3.4375,5.125,TTQB,.018CCNB,PLAIN ,AQUEOUS COATING,NA,NA,NA,NA,NA,NA,NA,NA,NA,NA,NA,NA,NA,NA,NA,NA,NA,NA,NA,NA,NA
NBC115,B2-WHITE,NA,407426,3.4375,3.4375,6.3125,TTQB,.018CCNB,PLAIN ,AQUEOUS COATING,NA,NA,NA,NA,NA,NA,NA,NA,NA,NA,NA,NA,NA,NA,NA,NA,NA,NA,NA,NA,NA
NBC115,P3-3/4-6D-WHITE,NA,407466,6.75,3.75,6.75,MSTE,.024CCNB,PLAIN ,AQUEOUS COATING,NA,NA,NA,NA,NA,NA,NA,NA,NA,NA,NA,NA,NA,NA,NA,NA,NA,NA,NA,NA,NA
NBC115,G3-WHITE,NA,407570,4.5625,4.5625,9.25,TTQB,.018CCNB,PLAIN ,AQUEOUS COATING,NA,NA,NA,NA,NA,NA,NA,NA,NA,NA,NA,NA,NA,NA,NA,NA,NA,NA,NA,NA,NA
NBC115,B3-WHITE,NA,407740,3.4375,3.4375,7.625,TTQB,.018CCNB,PLAIN ,AQUEOUS COATING,NA,NA,NA,NA,NA,NA,NA,NA,NA,NA,NA,NA,NA,NA,NA,NA,NA,NA,NA,NA,NA
NBC115,A3-WHITE,NA,410688,3.0625,3.0625,9.0625,TTQB,.018CCNB,PLAIN ,AQUEOUS COATING,NA,NA,NA,NA,NA,NA,NA,NA,NA,NA,NA,NA,NA,NA,NA,NA,NA,NA,NA,NA,NA
NBC115,C3-YAN,NA,411350,3.875,3.875,5.8125,TTQB,.018CCNB,YANMAR,PMS 200 RED AQUEOUS COATING,NA,NA,NA,NA,NA,NA,NA,NA,NA,NA,NA,NA,NA,NA,NA,NA,NA,NA,NA,NA,NA
NBC115,J1-WHITE,NA,454150,2.5,2.5,2,TTQB,.018CCNB,PLAIN ,AQUEOUS COATING,NA,NA,NA,NA,NA,NA,NA,NA,NA,NA,NA,NA,NA,NA,NA,NA,NA,NA,NA,NA,NA
NBC115,A1-WHITE,NA,455962,3.0625,3.0625,4.5,TTQB,.018CCNB,PLAIN ,AQUEOUS COATING,NA,NA,NA,NA,NA,NA,NA,NA,NA,NA,NA,NA,NA,NA,NA,NA,NA,NA,NA,NA,NA
NBC115,J2-WHITE,NA,457814,2.5,2.5,4,TTQB,.018CCNB,PLAIN,AQUEOUS COATING,NA,NA,NA,NA,NA,NA,NA,NA,NA,NA,NA,NA,NA,NA,NA,NA,NA,NA,NA,NA,NA
NBC115,F1-KHLR,NA,467282,5.125,5.125,7.125,TTFFAB,.020CCNB,KOHLER,BLACK AQUEOUS COATING,NA,NA,NA,NA,NA,NA,NA,NA,NA,NA,NA,NA,NA,NA,NA,NA,NA,NA,NA,NA,NA
NBC115,C3-WHITE,NA,469183,3.875,3.875,5.8125,TTQB,.018CCNB,PLAIN,AQUEOUS COATING,NA,NA,NA,NA,NA,NA,NA,NA,NA,NA,NA,NA,NA,NA,NA,NA,NA,NA,NA,NA,NA
NBC115,C1/2-BROWN,NA,473052,3.875,3.875,4.3125,TTQB,.018CCNB,PLAIN ,WHITE (CLAY COATED) SIDE TO BE CARTON INSIDE,NA,NA,NA,NA,NA,NA,NA,NA,NA,NA,NA,NA,NA,NA,NA,NA,NA,NA,NA,NA,NA
NBC115,G2-1/2-WHITE,NA,473965,4.5625,4.5625,8.25,TTQB,.018CCNB,PLAIN,AQUEOUS COATING,NA,NA,NA,NA,NA,NA,NA,NA,NA,NA,NA,NA,NA,NA,NA,NA,NA,NA,NA,NA,NA
NBC115,3-B-BROWN,NA,474772,4.25,4.25,4.4375,TTQB,.018CCNB,PLAIN ,WHITE (CLAY COATED) SIDE TO BE CARTON INSIDE,NA,NA,NA,NA,NA,NA,NA,NA,NA,NA,NA,NA,NA,NA,NA,NA,NA,NA,NA,NA,NA
NBC115,A1/4-WHITE,NA,474949,3.0625,3.0625,3.75,TTQB,.018CCNB,PLAIN,AQUEOUS COATING,NA,NA,NA,NA,NA,NA,NA,NA,NA,NA,NA,NA,NA,NA,NA,NA,NA,NA,NA,NA,NA
NBC115,114871 // CTN1EWHITE,NA,114871,4.75,4.75,10,TTQB,.024CCNB,PLAIN ,AQUEOUS COATING,1,46.86X49.87,50X52,NA,NA,NA,NA,NA,NA,NA,NA,NA,NA,NA,NA,NA,NA,NA,NA,NA,NA
NBC115,112640 // CTN3WHITE,NA,112640,4.25,4.25,5.0313,TTQB,.018CCNB,PLAIN ,AQUEOUS COATING,1,32.14X44.79,35X47,NA,NA,NA,NA,NA,NA,NA,NA,NA,NA,NA,NA,NA,NA,NA,NA,NA,NA
NBC115,004350 // CTN503HWHITE,NA,004350,5.0625,5.0625,10.75,TTQB,.024CCNB,PLAIN ,AQUEOUS COATING,1,50.04x53.04,53x55,NA,NA,NA,NA,NA,NA,NA,NA,NA,NA,NA,NA,NA,NA,NA,NA,NA,NA
NBC115,112666 // CTN7WHITE,NA,112666,4.375,4.375,7.3125,TTQB,.018CCNB,PLAIN ,AQUEOUS COATING,1,38.55X46.09,41.5X48.5,NA,NA,NA,NA,NA,NA,NA,NA,NA,NA,NA,NA,NA,NA,NA,NA,NA,NA
NBC115,113778 // CTN79IWHITE,NA,113778,4.25,4.25,10.4375,TTQB,.024CCNB,PLAIN ,AQUEOUS COATING,1,45.9X44.49,49X47,NA,NA,NA,NA,NA,NA,NA,NA,NA,NA,NA,NA,NA,NA,NA,NA,NA,NA
NBC115,345827 // CTN7BWHITE,NA,345827,4.375,4.375,5.5625,TTQB,.018CCNB,PLAIN ,AQUEOUS COATING,1,34.10X46.09,37X48.5,NA,NA,NA,NA,NA,NA,NA,NA,NA,NA,NA,NA,NA,NA,NA,NA,NA,NA
NBC115,474949 // CTNA1/4WHITE,NA,474949,3.0625,3.0625,3.75,TTQB,.018CCNB,PLAIN,AQUEOUS COATING,2,32.72x42.36,36x44.5,NA,NA,NA,NA,NA,NA,NA,NA,NA,NA,NA,NA,NA,NA,NA,NA,NA,NA
NBC115,455962 // CTNA1WHITE,NA,455962,3.0625,3.0625,4.5,TTQB,.018CCNB,PLAIN ,AQUEOUS COATING,2,32.72x46.16,36x48.5,NA,NA,NA,NA,NA,NA,NA,NA,NA,NA,NA,NA,NA,NA,NA,NA,NA,NA
NBC115,112577 // CTNA1-1/2WHITE,NA,112577,3.0625,3.0625,5.1875,TTQB,.018CCNB,PLAIN ,AQUEOUS COATING,2,32.72x49.70,36x52,NA,NA,NA,NA,NA,NA,NA,NA,NA,NA,NA,NA,NA,NA,NA,NA,NA,NA
NBC115,112585 // CTNA2WHITE,NA,112585,3.0625,3.0625,6.75,TTQB,.018CCNB,PLAIN ,AQUEOUS COATING,2,32.72x57.60,36x60,NA,NA,NA,NA,NA,NA,NA,NA,NA,NA,NA,NA,NA,NA,NA,NA,NA,NA
NBC115,410688 // CTNA3WHITE,NA,410688,3.0625,3.0625,9.0625,TTQB,.018CCNB,PLAIN ,AQUEOUS COATING,2,32.72x69.39,36x72,NA,NA,NA,NA,NA,NA,NA,NA,NA,NA,NA,NA,NA,NA,NA,NA,NA,NA
NBC115,407117 // CTNB1WHITE,NA,407117,3.4375,3.4375,4.375,TTQB,.018CCNB,PLAIN ,AQUEOUS COATING,2,36.54x47.99,39.5x50.5,NA,NA,NA,NA,NA,NA,NA,NA,NA,NA,NA,NA,NA,NA,NA,NA,NA,NA
NBC115,407162 // CTNB1-1/2WHITE,NA,407162,3.4375,3.4375,5.125,TTQB,.018CCNB,PLAIN ,AQUEOUS COATING,2,36.54x51.80,39.5x54.5,NA,NA,NA,NA,NA,NA,NA,NA,NA,NA,NA,NA,NA,NA,NA,NA,NA,NA
NBC115,407426 // CTNB2WHITE,NA,407426,3.4375,3.4375,6.3125,TTQB,.018CCNB,PLAIN ,AQUEOUS COATING,2,36.54x57.87,39.5x60.5,NA,NA,NA,NA,NA,NA,NA,NA,NA,NA,NA,NA,NA,NA,NA,NA,NA,NA
NBC115,407740 // CTNB3WHITE,NA,407740,3.4375,3.4375,7.625,TTQB,.018CCNB,PLAIN ,AQUEOUS COATING,2,36.54x64.51,39.5x67,NA,NA,NA,NA,NA,NA,NA,NA,NA,NA,NA,NA,NA,NA,NA,NA,NA,NA
NBC115,113859 // CTNC1/2WHITE,NA,113859,3.875,3.875,4.3125,TTQB,.018CCNB,PLAIN ,AQUEOUS COATING,2,40.98x50.82,44x67,NA,NA,NA,NA,NA,NA,NA,NA,NA,NA,NA,NA,NA,NA,NA,NA,NA,NA
NBC115,112623 // CTNC2WHITE,NA,112623,3.875,3.875,5.4375,TTQB,.018CCNB,PLAIN ,AQUEOUS COATING,2,40.98x56.56,44x59,NA,NA,NA,NA,NA,NA,NA,NA,NA,NA,NA,NA,NA,NA,NA,NA,NA,NA
NBC115,469183 // CTNC3WHITE,NA,469183,3.875,3.875,5.8125,TTQB,.018CCNB,PLAIN,AQUEOUS COATING,2,40.98x58.46,44x61,NA,NA,NA,NA,NA,NA,NA,NA,NA,NA,NA,NA,NA,NA,NA,NA,NA,NA
NBC115,404948 // CTNC3-1/2WHITE,NA,404948,3.875,3.875,6.25,TTQB,.018CCNB,PLAIN,AQUEOUS COATING,2,40.98x60.68,44x63,NA,NA,NA,NA,NA,NA,NA,NA,NA,NA,NA,NA,NA,NA,NA,NA,NA,NA
NBC115,112607 // CTNC4WHITE,NA,112607,3.875,3.875,7.25,TTQB,.018CCNB,PLAIN ,AQUEOUS COATING,2,40.98x65.76,44x68,NA,NA,NA,NA,NA,NA,NA,NA,NA,NA,NA,NA,NA,NA,NA,NA,NA,NA
NBC115,402416 // CTNC4-1/2WHITE,NA,402416,3.875,3.875,8.375,TTQB,.018CCNB,PLAIN ,AQUEOUS COATING,2,40.98X71.47,44X74,NA,NA,NA,NA,NA,NA,NA,NA,NA,NA,NA,NA,NA,NA,NA,NA,NA,NA
NBC115,112631 // CTNC5WHITE,NA,112631,3.875,3.875,9.5,TTQB,.018CCNB,PLAIN ,AQUEOUS COATING,2,40.98X77.19,44X79.5,NA,NA,NA,NA,NA,NA,NA,NA,NA,NA,NA,NA,NA,NA,NA,NA,NA,NA
NBC115,340031 // CTNF1WHITENO PG,NA,340031,5.125,5.125,7.125,TTFFAB,.020CCNB,PLAIN,AQUEOUS COATING,1,45.64x53.65,48.5x56,NA,NA,NA,NA,NA,NA,NA,NA,NA,NA,NA,NA,NA,NA,NA,NA,NA,NA
NBC115,112682 // CTNFR2WHITE,NA,112682,4.625,4.625,9.125,TTQB,.018CCNB,PLAIN ,AQUEOUS COATING,1,44.28X48.60,47X51,NA,NA,NA,NA,NA,NA,NA,NA,NA,NA,NA,NA,NA,NA,NA,NA,NA,NA
NBC115,401345 // CTNG1/2WHITE,NA,401345,4.5625,4.5625,3.5,TTQB,.018CCNB,PLAIN,AQUEOUS COATING,2,47.96X51.47,51X54,NA,NA,NA,NA,NA,NA,NA,NA,NA,NA,NA,NA,NA,NA,NA,NA,NA,NA
NBC115,406876 // CTNG1WHITE,NA,406876,4.5625,4.5625,5.25,TTQB,.018CCNB,PLAIN,AQUEOUS COATING,2,47.96X60.35,51X63,NA,NA,NA,NA,NA,NA,NA,NA,NA,NA,NA,NA,NA,NA,NA,NA,NA,NA
NBC115,401898 // CTNG1-1/2WHITE,NA,401898,4.5625,4.5625,5.9375,TTQB,.018CCNB,PLAIN,AQUEOUS COATING,2,47.96x63.84,51x66.5,NA,NA,NA,NA,NA,NA,NA,NA,NA,NA,NA,NA,NA,NA,NA,NA,NA,NA
NBC115,401807 // CTNG2WHITE,NA,401807,4.5625,4.5625,7.25,TTQB,.018CCNB,PLAIN,AQUEOUS COATING,2,47.96x70.51,51x73,NA,NA,NA,NA,NA,NA,NA,NA,NA,NA,NA,NA,NA,NA,NA,NA,NA,NA
NBC115,473965 // CTNG2-1/2WHITE,NA,473965,4.5625,4.5625,8.25,TTQB,.018CCNB,PLAIN,AQUEOUS COATING,2,47.9x75.59,51x78,NA,NA,NA,NA,NA,NA,NA,NA,NA,NA,NA,NA,NA,NA,NA,NA,NA,NA
NBC115,407570 // CTNG3WHITE,NA,407570,4.5625,4.5625,9.25,TTQB,.018CCNB,PLAIN ,AQUEOUS COATING,2,47.9x80.67,51x83,NA,NA,NA,NA,NA,NA,NA,NA,NA,NA,NA,NA,NA,NA,NA,NA,NA,NA
NBC115,454150 // CTNJ1WHITENO PG,NA,454150,2.5,2.5,2,TTQB,.018CCNB,PLAIN ,AQUEOUS COATING,4,29.56x54.02,32.5x56.5,NA,NA,NA,NA,NA,NA,NA,NA,NA,NA,NA,NA,NA,NA,NA,NA,NA,NA
NBC115,457814 // CTNJ2WHITE,NA,457814,2.5,2.5,4,TTQB,.018CCNB,PLAIN,AQUEOUS COATING,4,39.72x54.02,41x56.5,NA,NA,NA,NA,NA,NA,NA,NA,NA,NA,NA,NA,NA,NA,NA,NA,NA,NA
NBC115,407045 // CTNP1-1/2-4BWHITE,NA,407045,4.25,1.5,4.25,MSTE,.024CCNB,PLAIN ,AQUEOUS COATING,2,31.71X41,35X43.5,NA,NA,NA,NA,NA,NA,NA,NA,NA,NA,NA,NA,NA,NA,NA,NA,NA,NA
NBC115,407466 // CTNP3-3/4-6DWHITE,NA,407466,6.75,3.75,6.75,MSTE,.024CCNB,PLAIN ,AQUEOUS COATING,1,40.2x55.84,43x58.5,NA,NA,NA,NA,NA,NA,NA,NA,NA,NA,NA,NA,NA,NA,NA,NA,NA,NA
NBC115,474772 // CTN3-BBROWN,NA,474772,4.25,4.25,4.4375,TTQB,.018CCNB,PLAIN ,WHITE (CLAY COATED) SIDE TO BE CARTON INSIDE,2,44.79x53.94,48x56.5,NA,NA,NA,NA,NA,NA,NA,NA,NA,NA,NA,NA,NA,NA,NA,NA,NA,NA
NBC115,406635 // CTNB4BROWN,NA,406635,3.4375,3.4375,3,TTQB,.018CCNB,PLAIN ,WHITE (CLAY COATED) SIDE TO BE CARTON INSIDE,2,36.54x41,39.5x43.5,NA,NA,NA,NA,NA,NA,NA,NA,NA,NA,NA,NA,NA,NA,NA,NA,NA,NA
NBC115,473052 // CTNC1/2BROWN,NA,473052,3.875,3.875,4.3125,TTQB,.018CCNB,PLAIN ,WHITE (CLAY COATED) SIDE TO BE CARTON INSIDE,2,40.98x50.82,44x67,NA,NA,NA,NA,NA,NA,NA,NA,NA,NA,NA,NA,NA,NA,NA,NA,NA,NA
NBC115,401080 // CTNFR2BROWN,NA,401080,4.625,4.625,9.125,TTQB,.018CCNB,PLAIN ,WHITE (CLAY COATED) SIDE TO BE CARTON INSIDE,1,44.28X48.60,47X51,NA,NA,NA,NA,NA,NA,NA,NA,NA,NA,NA,NA,NA,NA,NA,NA,NA,NA
NBC115,406749 // CTNC3GENPRTS,NA,406749,3.875,3.875,5.8125,TTQB,.018CCNB,GENUINE PARTS,BLACK AQUEOUS COATING,2,40.98x58.46,44x61,NA,NA,NA,NA,NA,NA,NA,NA,NA,NA,NA,NA,NA,NA,NA,NA,NA,NA
NBC115,411350 // CTNC3YAN,NA,411350,3.875,3.875,5.8125,TTQB,.018CCNB,YANMAR,PMS 200 RED AQUEOUS COATING,2,40.98x58.46,44x61,NA,NA,NA,NA,NA,NA,NA,NA,NA,NA,NA,NA,NA,NA,NA,NA,NA,NA
NBC115,467282 // CTNF1KHLRNO PG,NA,467282,5.125,5.125,7.125,TTFFAB,.020CCNB,KOHLER,BLACK AQUEOUS COATING,1,45.64x53.65,48.5x56,NA,NA,NA,NA,NA,NA,NA,NA,NA,NA,NA,NA,NA,NA,NA,NA,NA,NA
NBC118,AA021-WHITE,NA,427609,10.34,4.1,10.34,MRTE,.020CCNB,PLAIN,AQUEOUS COATING,1,53.1X75.4,55.5X77.5,NA,NA,NA,NA,NA,10.38,4.14,10.4,0.259,41.52,12.42,31.14,8.28,2.9858,0.077,0.2299,18.54,14.44
NBC118,AA022-WHITE,NA,427587,10.346,3.657,10.346,MRTE,.020CCNB,PLAIN,AQUEOUS COATING,1,52X62.5,53.7X75,NA,NA,NA,NA,NA,10.386,3.697,10.406,0.231,41.544,11.091,31.158,7.394,2.8132,0.077,0.2166,17.66,14.003
NBC118,AA022-BALD,NA,25202,10.346,3.657,10.348,MRTE,.020CCNB,BALDWIN,BLACKPMS 185 RED AQUEOUS COATING,1,52X62.6,53.7X75,NA,NA,NA,NA,NA,10.386,3.697,10.408,0.231,41.544,11.091,31.158,7.394,2.8136,0.077,0.2166,17.662,14.003
NBC118,AA023-BALD,NA,706053,10.346,4.1,10.346,MRTE,.020CCNB,BALDWIN,BLACKPMS 185 RED AQUEOUS COATING,1,53.1X75.4,55.5X77.5,NA,NA,NA,NA,NA,10.386,4.14,10.406,0.259,41.544,12.42,31.158,8.28,2.9882,0.077,0.2301,18.546,14.446
NBC118,AA024-WHITE,NA,427610,10.35,3.094,10.356,MRTE,.020CCNB,PLAIN,AQUEOUS COATING,1,47.99X70.27,50.5X72.5,NA,NA,NA,NA,NA,10.39,3.134,10.416,0.196,41.56,9.402,31.17,6.268,2.6013,0.077,0.2003,16.544,13.444
NBC118,AA024-BALD,NA,418292,10.35,3.94,10.346,MRTE,.020CCNB,BALDWIN,BLACKPMS 185 RED AQUEOUS COATING,1,47.99X70.27,50.5X72.5,NA,NA,NA,NA,NA,10.39,3.98,10.406,0.249,41.56,11.94,31.17,7.96,2.9252,0.077,0.2252,18.226,14.29
NBC118,AA031-WHITE,NA,25245,11.783,7.094,11.783,MRTE,.020CCNB,PLAIN,AQUEOUS COATING,1,71.90x98.34,51x75 (2hojas x caja),NA,NA,NA,NA,NA,11.823,7.134,11.843,0.578,47.292,21.402,35.469,14.268,5.0515,0.077,0.389,25.971,18.877
NBC118,AA025-WHITE,NA,427584,11.89,5.53,11.89,MRTE,.020CCNB,PLAIN,AQUEOUS COATING,1,64.29x90.99,66X93,NA,NA,NA,NA,NA,11.93,5.57,11.95,0.46,47.72,16.71,35.79,11.14,4.3179,0.077,0.3325,22.95,17.42
NBC118,AA026-BALD,NA,25203,12.2,3.54,12.2,MRTE,.022CCNB,BALDWIN,BLACKPMS 185 RED AQUEOUS COATING,1,64.29x90.100,66X94,NA,NA,NA,NA,NA,12.244,3.584,12.266,0.311,48.976,10.752,36.732,7.168,3.5468,0.077,0.2731,19.28,15.74
NBC118,AA026-WHITE,NA,427591,12.2,3.54,12.2,MRTE,.022CCNB,PLAIN,AQUEOUS COATING,1,54.97x82.45,57.5X85,NA,NA,NA,NA,NA,12.244,3.584,12.266,0.311,48.976,10.752,36.732,7.168,3.5468,0.077,0.2731,19.28,15.74
NBC118,AA027-WHITE,NA,275224,12.72,5.66,12.72,MRTE,.022CCNB,PLAIN,AQUEOUS COATING,1,67.06X95.7,69.5X97.5,NA,NA,NA,NA,NA,12.764,5.704,12.786,0.539,51.056,17.112,38.292,11.408,4.8024,0.077,0.3698,24.04,18.38
NBC118,AA028-WHITE,NA,117219,13.968,5.657,13.968,MTSE,.022CCNB,PLAIN,AQUEOUS COATING,1,52.34X67.17,54.5X71,NA,NA,NA,NA,NA,14.012,5.701,14.034,0.649,56.048,17.103,42.036,11.402,5.4704,0.077,0.4212,25.282,19.625
NBC118,AA029-WHITE,NA,427593,13.97,4.09,13.97,MRTE,.022CCNB,PLAIN,AQUEOUS COATING,1,62.3x94.1,65X96,NA,NA,NA,NA,NA,14.006,4.126,14.024,0.469,56.024,12.378,42.018,8.252,4.6513,0.077,0.3582,22.15,18.06
NBC118,AA030-BALD,NA,25204,14.01,4.09,13.97,MRTE,.022CCNB,BALDWIN,BLACKPMS 185 RED AQUEOUS COATING,1,62.24x94.4,65.3x96,NA,NA,NA,NA,NA,14.054,4.134,14.036,0.472,56.216,12.402,42.162,8.268,4.6614,0.077,0.3589,22.15,18.1
NCB,G3-BALD PF7890-30,A,024054,4.5625,4.5625,9.25,TTAB,.018CCNB,BALDWIN PF7890-30 (MEXICO),NA,2,52X86,NA,NA,NA,NA,NA,NA,11.58875,11.58875,23.495,NA,NA,NA,NA,NA,NA,NA,NA,NA,NA
NCB,G3-BALD PF7890-10,A,024059,4.5625,4.5625,9.25,TTAB,.018CCNB,BALDWIN PF7890-10 (MEXICO),NA,2,52X86,NA,NA,NA,NA,NA,NA,11.58875,11.58875,23.495,NA,NA,NA,NA,NA,NA,NA,NA,NA,NA
NCB,79I-BALD PF7655,A,024060,4.25,4.25,10.4375,TTAB,.024CCNB,BALDWIN PF7655 (MEXICO),NA,2,47.6X90.1,NA,NA,NA,NA,NA,NA,10.795,10.795,26.51125,NA,NA,NA,NA,NA,NA,NA,NA,NA,NA
NCB,B2-BALD PF46056,A,024062,3.4375,3.4375,6.3125,TTAB,.018CCNB,BALDWIN PF46056 (MEXICO),NA,2,39.4x63,NA,NA,NA,NA,NA,NA,8.73125,8.73125,16.03375,NA,NA,NA,NA,NA,NA,NA,NA,NA,NA
NCB,A1-BALD PF46057,A,024063,3.0625,3.0625,4.5,TTAB,.018CCNB,BALDWIN PF46057 (MEXICO),NA,2,35.6x51.1,NA,NA,NA,NA,NA,NA,7.77875,7.77875,11.43,NA,NA,NA,NA,NA,NA,NA,NA,NA,NA
NCB,A1-1/2-BALD PF10,A,24445,3.0625,3.0625,5.1875,TTAB,.018CCNB,BALDWIN PF10 (MEXICO),NA,2,35.5x55,NA,NA,NA,NA,NA,NA,7.77875,7.77875,13.17625,NA,NA,NA,NA,NA,NA,NA,NA,NA,NA
NCB,B1-BALD PF598-30,A,24377,3.4375,3.4375,4.375,TTAB,.018CCNB,BALDWIN PF598-30 (MEXICO),NA,2,39.5x52,NA,NA,NA,NA,NA,NA,8.73125,8.73125,11.1125,NA,NA,NA,NA,NA,NA,NA,NA,NA,NA
NCB,B1-BALD PF7777,A,024443,3.4375,3.4375,4.375,TTAB,.018CCNB,BALDWN PF7777 (MEXICO),NA,2,39.5x52,NA,NA,NA,NA,NA,NA,8.73125,8.73125,11.1125,NA,NA,NA,NA,NA,NA,NA,NA,NA,NA
NCB,B1-BALD PF7977,A,24055,3.4375,3.4375,4.375,TTAB,.018CCNB,BALDWIN PF7977 (MEXICO),NA,2,39.5x52,NA,NA,NA,NA,NA,NA,8.73125,8.73125,11.1125,NA,NA,NA,NA,NA,NA,NA,NA,NA,NA
NCB,C1/2-BALD PF7735,A,24444,3.875,3.875,4.3125,TTAB,.018CCNB,BALDWIN PF7735 (MEXICO),NA,2,44X56.5,NA,NA,NA,NA,NA,NA,9.8425,9.8425,10.95375,NA,NA,NA,NA,NA,NA,NA,NA,NA,NA
NCB,C2-BALD PF46151,A,24378,3.875,3.875,5.4375,TTAB,.018CCNB,BALDWIN PF46151 (MEXICO),NA,2,44X61.6,NA,NA,NA,NA,NA,NA,9.8425,9.8425,13.81125,NA,NA,NA,NA,NA,NA,NA,NA,NA,NA
NCB,C3-BALD PF7779,A,024433,3.875,3.875,5.8125,TTAB,.018CCNB,BALDWIN PF7779 (MEXICO),NA,2,44x63.5,NA,NA,NA,NA,NA,NA,9.8425,9.8425,14.76375,NA,NA,NA,NA,NA,NA,NA,NA,NA,NA
NCB,C3-BALD PF7982,A,024056,3.875,3.875,5.8125,TTAB,.018CCNB,BALDWIN PF7982 (MEXICO),NA,2,44x63.5,NA,NA,NA,NA,NA,NA,9.8425,9.8425,14.76375,NA,NA,NA,NA,NA,NA,NA,NA,NA,NA
NCB,C4-BALD P7235,A,024448,3.875,3.875,7.25,TTAB,.018CCNB,BALDWIN P7235 (MEXICO),NA,2,44x71.5,NA,NA,NA,NA,NA,NA,9.8425,9.8425,18.415,NA,NA,NA,NA,NA,NA,NA,NA,NA,NA
NCB,C4-BALD PF7680,A,024401,3.875,3.875,7.25,TTAB,.018CCNB,BALDWIN PF7680 (MEXICO),NA,2,44x71.5,NA,NA,NA,NA,NA,NA,9.8425,9.8425,18.415,NA,NA,NA,NA,NA,NA,NA,NA,NA,NA
NCB,C4-BALD PF7744,A,024404,3.875,3.875,7.25,TTAB,.018CCNB,BALDWIN PF7744 (MEXICO),NA,2,44x71.5,NA,NA,NA,NA,NA,NA,9.8425,9.8425,18.415,NA,NA,NA,NA,NA,NA,NA,NA,NA,NA
NCB,C4-BALD PF7748,A,024400,3.875,3.875,7.25,TTAB,.018CCNB,BALDWIN PF7748 (MEXICO),NA,2,44x71.5,NA,NA,NA,NA,NA,NA,9.8425,9.8425,18.415,NA,NA,NA,NA,NA,NA,NA,NA,NA,NA
NCB,C4-BALD PF7755,A,024403,3.875,3.875,7.25,TTAB,.018CCNB,BALDWIN PF7755 (MEXICO),NA,2,44x71.5,NA,NA,NA,NA,NA,NA,9.8425,9.8425,18.415,NA,NA,NA,NA,NA,NA,NA,NA,NA,NA
NCB,C4-BALD PF7812 KIT,A,024435,3.875,3.875,7.25,TTAB,.018CCNB,BALDWIN PF7812 KIT (MEXICO),NA,2,44x71.5,NA,NA,NA,NA,NA,NA,9.8425,9.8425,18.415,NA,NA,NA,NA,NA,NA,NA,NA,NA,NA
NCB,C4-BALD PF7986,A,024442,3.875,3.875,7.25,TTAB,.018CCNB,BALDWIN PF7986 (MEXICO),NA,2,44x71.5,NA,NA,NA,NA,NA,NA,9.8425,9.8425,18.415,NA,NA,NA,NA,NA,NA,NA,NA,NA,NA
NCB,C4-1/2-BALD PF7761,A,024434,3.875,3.875,8.375,TTAB,.018CCNB,BALDWIN  PF7761 (MEXICO),NA,2,44x76.6,NA,NA,NA,NA,NA,NA,9.8425,9.8425,21.2725,NA,NA,NA,NA,NA,NA,NA,NA,NA,NA
NCB,C4-1/2-BALD PF7984,A,024058,3.875,3.875,8.375,TTAB,.018CCNB,BALDWIN PF7984 (MEXICO),NA,2,44x76.6,NA,NA,NA,NA,NA,NA,9.8425,9.8425,21.2725,NA,NA,NA,NA,NA,NA,NA,NA,NA,NA
NCB,C5-BALD PT189,A,024436,3.875,3.875,9.5,TTAB,.018CCNB,BALDWIN PT189 (MEXICO),NA,2,44X82.5,NA,NA,NA,NA,NA,NA,9.8425,9.8425,24.13,NA,NA,NA,NA,NA,NA,NA,NA,NA,NA
NCB,C5-BALD PT707-HD,A,024447,3.875,3.875,9.5,TTAB,.018CCNB,BALDWIN PT707-HD (MEXICO),NA,2,44X82.5,NA,NA,NA,NA,NA,NA,9.8425,9.8425,24.13,NA,NA,NA,NA,NA,NA,NA,NA,NA,NA
NCB,C5-BALD P7188,A,024438,3.875,3.875,9.5,TTAB,.018CCNB,BALDWIN P7188 (MEXICO),NA,2,44X82.5,NA,NA,NA,NA,NA,NA,9.8425,9.8425,24.13,NA,NA,NA,NA,NA,NA,NA,NA,NA,NA
NCB,F1-BALD P7233,A,24432,5.125,5.125,7.125,TTFFAB,.020CCNB,BALDWIN P7233 (MEXICO),NA,-,-,NA,NA,NA,NA,NA,NA,13.0175,13.0175,18.0975,NA,NA,NA,NA,NA,NA,NA,NA,NA,NA
NCB,G1-BALD PF7889-30,A,024439,4.5625,4.5625,5.25,TTAB,.018CCNB,BALDWIN PF7889-30 (MEXICO),NA,2,52X66,NA,NA,NA,NA,NA,NA,11.58875,11.58875,13.335,NA,NA,NA,NA,NA,NA,NA,NA,NA,NA
NCB,G2-BALD PF7928,A,024446,4.5625,4.5625,7.25,TTAB,.018CCNB,BALDWIN PF7928 (MEXICO),NA,2,52X76,NA,NA,NA,NA,NA,NA,11.58875,11.58875,18.415,NA,NA,NA,NA,NA,NA,NA,NA,NA,NA
NCB,G2-BALD PF7930,A,024441,4.5625,4.5625,7.25,TTAB,.018CCNB,BALDWIN PF7930 (MEXICO),NA,2,52X76,NA,NA,NA,NA,NA,NA,11.58875,11.58875,18.415,NA,NA,NA,NA,NA,NA,NA,NA,NA,NA
NCB,G2-BALD PF9814,A,024440,4.5625,4.5625,7.25,TTAB,.018CCNB,BALDWIN PF9814 (MEXICO),NA,2,52X76,NA,NA,NA,NA,NA,NA,11.58875,11.58875,18.415,NA,NA,NA,NA,NA,NA,NA,NA,NA,NA
NCB,G3-BALD P20-HD,A,24402,4.5625,4.5625,9.25,TTAB,.018CCNB,BALDWIN P20-HD (MEXICO),NA,2,52X86,NA,NA,NA,NA,NA,NA,11.58875,11.58875,23.495,NA,NA,NA,NA,NA,NA,NA,NA,NA,NA
NCB,G3-BALD P40019,A,24064,4.5625,4.5625,9.25,TTAB,.018CCNB,BALDWIN P40019 (MEXICO),NA,2,52X86,NA,NA,NA,NA,NA,NA,11.58875,11.58875,23.495,NA,NA,NA,NA,NA,NA,NA,NA,NA,NA
NCB,G3-BALD PF7890,A,24057,4.5625,4.5625,9.25,TTAB,.018CCNB,BALDWIN PF7890 (MEXICO),NA,2,52X86,NA,NA,NA,NA,NA,NA,11.58875,11.58875,23.495,NA,NA,NA,NA,NA,NA,NA,NA,NA,NA
NCB279,C1/2P-U6,b,366255,12.1875,8.0625,4.4375,RSC,200 OR 32ECT,PLAIN,NA,NA,NA,32.8712,108.8698,10.5,11.8712,10.5,NA,12.4375,8.3125,4.9375,0.295411993,0.024617666,0.049235332,0.073852998,38.9375,3.861436632,0.122,0.471095269,13.5,20.25
NCB279,C2P-U6,b,116459,12.1875,8.0625,5.5625,RSC,200 OR 32ECT,PLAIN,NA,NA,NA,35.7287,108.8698,10.5,14.7287,10.5,NA,12.4375,8.3125,6.0625,0.362721055,0.030226755,0.060453509,0.090680264,41.1875,4.195421007,0.122,0.511841363,14.625,20.25
NCB279,C2-10,a,455571,19.875,8.125,5.5625,RSC,200 OR 32ECT,PLAIN,NA,NA,NA,35.9287,149.24,10.6,14.7287,10.6,NA,20.125,8.375,6.0625,0.591328374,0.049277364,0.098554729,0.147832093,49,5.767469618,0.122,0.703631293,14.6875,28
NCB279,C2-PS,c,128082,15.875,11.875,5.5625,PS-12 CELL,150 OR 26ECT,PLAIN,NA,NA,NA,42.38,70.36,NA,NA,NA,NA,16.125,12.125,5.5625,0.629372491,0.052447708,0.104895415,0.157343123,51.5,4.609483507,0.299333333,1.379772063,NA,NA
NCB279,C3P-U6,a,403197,12.1875,8.0625,5.9375,RSC,200 OR 32ECT,PLAIN,NA,NA,NA,36.6812,108.8698,10.5,15.6812,10.5,NA,12.4375,8.3125,6.4375,0.385157409,0.032096451,0.064192901,0.096289352,41.9375,4.306749132,0.122,0.525423394,15,20.25
NCB279,G1P-U6,A,004474,14,9.3125,5.375,RSC,200 OR 32ECT,PLAIN,NA,NA,NA,38.4525,124.4274,12.1,14.2525,12.1,NA,14.25,9.5625,5.875,0.463287354,0.038607279,0.077214559,0.115821838,45.125,5.156629774,0.122,0.629108832,15.6875,23.3125
NCB279,1E-6,a,114880,14.625,9.875,10.125,RSC,200 OR 32ECT,PLAIN,NA,NA,NA,51.9175,130.46,12.8,26.3175,12.8,NA,14.875,10.125,10.625,0.926055908,0.077171326,0.154342651,0.231513977,56.375,7.297092014,0.122,0.890245226,21,24.5
NCB279,3-PS,a,371682,17.375,12.875,5.125,PS-12 CELL,200 OR 32ECT,PLAIN,NA,NA,NA,39.05,76.83,NA,NA,NA,NA,17.625,13.125,5.125,0.686086019,0.057173835,0.11434767,0.171521505,54.125,5.036024306,0.299333333,1.507449942,NA,NA
NCB279,7-12,a,116572,18.125,13.375,7.5,RSC,200 OR 32ECT,PLAIN,NA,NA,NA,54.25,166.02,17.3,19.65,17.3,NA,18.375,13.625,8,1.159071181,0.096589265,0.19317853,0.289767795,61.625,9.680555556,0.122,1.181027778,21.875,31.5
NCB279,7B-O6,a,345834,13.375,9.0625,5.75,RSC,200 OR 32ECT,PLAIN,NA,NA,NA,38.805,119.9824,11.8,15.205,11.8,NA,13.625,9.3125,6.25,0.45892221,0.038243517,0.076487035,0.114730552,44.75,5.012098524,0.122,0.61147602,15.8125,22.4375
NCB279,18B-A,a,429947,4.1875,4.1875,6.5,TTAB,200 OR 32ECT,PLAIN,NA,NA,NA,36.5319,44.0636,NA,NA,NA,NA,4.375,4.375,6.9375,0.076844957,0.006403746,0.012807493,0.019211239,24.4375,1.43500434,0.122,0.17507053,11.6875,8.375
NCB279,18C-O6,B,456658,13.625,9.125,6.5,RSC,200 OR 32ECT,PLAIN,NA,NA,NA,40.91,121.57,11.9,17.11,11.9,NA,13.875,9.375,7,0.526936849,0.043911404,0.087822808,0.131734212,46.625,5.348524306,0.122,0.652519965,16.625,22.75
NCB279,21E-A,a,406333,4.5,4.5,8.75,TTAB,200 OR 32ECT,PLAIN,NA,NA,NA,43.4012,4722,NA,NA,NA,NA,4.6875,4.6875,9.1875,0.116825104,0.009735425,0.019470851,0.029206276,32.4375,1.886393229,0.122,0.230139974,14.25,9
NCB279,275-8P,a,115860,39.25,7.6875,0,PARTITION STRIP,125 OR 23ECT,PLAIN/UNASSEMBLED,NA,NA,NA,99.695,19.5262,NA,NA,NA,NA,39.25,7.6875,0.125,0.02182685,0.001818904,0.003637808,0.005456713,54.875,2.58835178,0.299333333,0.774779966,NA,NA
NCB279,276-8P,a,120944,39.25,11.5,0,PARTITION STRIP,125 OR 23ECT,PLAIN/UNASSEMBLED,NA,NA,NA,99.695,29.21,NA,NA,NA,NA,39.25,11.5,0.125,0.032651548,0.002720962,0.005441925,0.008162887,62.5,4.142144097,0.299333333,1.2398818,NA,NA
CAPLE,N=CTNF1BALDNOPG,NA,016686,5.125,5.125,7.125,TTFFAB,NA,BALDWIN ,BLACKPMS 186 RED AQUEOUS COATING,13.0175,13.0175,18.0975,1,45.64x53.65,48.5,56,NA,NA,NA,NA,NA,NA,NA,NA,NA,NA,NA,NA,NA,NA
CAPLE,N=CTNC3BALDPF7779,NA,016698,3.875,3.875,5.8125,TTAB,NA,BALDWIN PF7779,BLACKPMS 186 RED AQUEOUS COATING,9.8425,9.8425,14.76375,2,40.82x61.50,44,63.5,NA,NA,NA,NA,NA,NA,NA,NA,NA,NA,NA,NA,NA,NA
CAPLE,N=CTNC4-1/2BALDPF7761,NA,016699,3.875,3.875,8.375,TTAB,NA,BALDWIN  PF7761,BLACKPMS 186 RED AQUEOUS COATING,9.8425,9.8425,21.2725,2,40.8X74.6,44,76.5,NA,NA,NA,NA,NA,NA,NA,NA,NA,NA,NA,NA,NA,NA
CAPLE,N=CTNJ2BALD,NA,016700,2.5,2.5,4,TTQB,NA,BALDWIN ,BLACKPMS 186 RED AQUEOUS COATING,6.35,6.35,10.16,4,39.72x54.02,41,56.5,NA,NA,NA,NA,NA,NA,NA,NA,NA,NA,NA,NA,NA,NA
CAPLE,N=CTNC4BALDPF7812KIT,NA,016705,3.875,3.875,7.25,TTAB,NA,BALDWIN PF7812 KIT,BLACKPMS 186 RED AQUEOUS COATING,9.8425,9.8425,18.415,2,40.8X68.85,44,71.5,NA,NA,NA,NA,NA,NA,NA,NA,NA,NA,NA,NA,NA,NA
CAPLE,N=CTNC5BALD,NA,016709,3.875,3.875,9.5,TTQB,NA,BALDWIN ,BLACKPMS 186 RED AQUEOUS COATING,9.8425,9.8425,24.13,2,40.98X77.19,44,79.5,NA,NA,NA,NA,NA,NA,NA,NA,NA,NA,NA,NA,NA,NA
CAPLE,CTNC5BALDPT189,NA,016710,3.875,3.875,9.5,TTAB,NA,BALDWIN PT189,BLACKPMS 186 RED AQUEOUS COATING,9.8425,9.8425,24.13,2,NA,44,82.5,NA,NA,NA,NA,NA,NA,NA,NA,NA,NA,NA,NA,NA,NA
CAPLE,N=CTNC4BALDP7235,NA,016712,3.875,3.875,7.25,TTAB,NA,BALDWIN P7235,BLACKPMS 186 RED AQUEOUS COATING,9.8425,9.8425,18.415,2,40.8X68.85,44,71.5,NA,NA,NA,NA,NA,NA,NA,NA,NA,NA,NA,NA,NA,NA
CAPLE,N=CTNC5BALDP7188,NA,016717,3.875,3.875,9.5,TTAB,NA,BALDWIN P7188,BLACKPMS 186 RED AQUEOUS COATING,9.8425,9.8425,24.13,2,NA,44,82.5,NA,NA,NA,NA,NA,NA,NA,NA,NA,NA,NA,NA,NA,NA
CAPLE,N=CTNC4BALD,NA,016722,3.875,3.875,7.25,TTQB,NA,BALDWIN ,BLACKPMS 186 RED AQUEOUS COATING,9.8425,9.8425,18.415,2,40.98x65.76,44,68,NA,NA,NA,NA,NA,NA,NA,NA,NA,NA,NA,NA,NA,NA
CAPLE,CTNG1BALDPF7889-30,NA,016724,4.5625,4.5625,5.25,TTAB,NA,BALDWIN PF7889-30,BLACKPMS 186 RED AQUEOUS COATING,11.58875,11.58875,13.335,2,NA,52,66,NA,NA,NA,NA,NA,NA,NA,NA,NA,NA,NA,NA,NA,NA
CAPLE,N=CTNP3-3/4-6DBALD,NA,016727,6.75,3.75,6.75,MSTE,NA,BALDWIN,BLACKPMS 186 RED AQUEOUS COATING,17.145,9.525,17.145,1,40.2x55.84,43,58.5,NA,NA,NA,NA,NA,NA,NA,NA,NA,NA,NA,NA,NA,NA
CAPLE,N=CTNC4-1/2BALD,NA,016728,3.875,3.875,8.375,TTQB,NA,BALDWIN ,BLACKPMS 186 RED AQUEOUS COATING,9.8425,9.8425,21.2725,2,40.98X71.47,44,74,NA,NA,NA,NA,NA,NA,NA,NA,NA,NA,NA,NA,NA,NA
CAPLE,N=CTNG2-1/2BALD,NA,016730,4.5625,4.5625,8.25,TTQB,NA,BALDWIN ,BLACKPMS 186 RED AQUEOUS COATING,11.58875,11.58875,20.955,2,47.9x75.59,51,78,NA,NA,NA,NA,NA,NA,NA,NA,NA,NA,NA,NA,NA,NA
CAPLE,N=CTNB3BALD,NA,016733,3.4375,3.4375,7.625,TTQB,NA,BALDWIN ,BLACKPMS 186 RED AQUEOUS COATING,8.73125,8.73125,19.3675,2,36.54x64.51,39.5,67,NA,NA,NA,NA,NA,NA,NA,NA,NA,NA,NA,NA,NA,NA
CAPLE,N=CTNG2BALD,NA,016739,4.5625,4.5625,7.25,TTQB,NA,BALDWIN ,BLACKPMS 186 RED AQUEOUS COATING,11.58875,11.58875,18.415,2,47.96x70.51,51,73,NA,NA,NA,NA,NA,NA,NA,NA,NA,NA,NA,NA,NA,NA
CAPLE,N=CTNA1/4BALD,NA,016741,3.0625,3.0625,3.75,TTQB,NA,BALDWIN ,BLACKPMS 186 RED AQUEOUS COATING,7.77875,7.77875,9.525,2,32.72x42.36,36,44.5,NA,NA,NA,NA,NA,NA,NA,NA,NA,NA,NA,NA,NA,NA
CAPLE,CTNC4BALDPF7755,NA,016742,3.875,3.875,7.25,TTAB,NA,BALDWIN PF7755,BLACKPMS 186 RED AQUEOUS COATING,9.8425,9.8425,18.415,2,40.8X68.85,44,71.5,NA,NA,NA,NA,NA,NA,NA,NA,NA,NA,NA,NA,NA,NA
CAPLE,N=CTNA1-1/2BALD,NA,016743,3.0625,3.0625,5.1875,TTQB,NA,BALDWIN ,BLACKPMS 186 RED AQUEOUS COATING,7.77875,7.77875,13.17625,2,32.72x49.70,36,52,NA,NA,NA,NA,NA,NA,NA,NA,NA,NA,NA,NA,NA,NA
CAPLE,N=CTNA1BALD,NA,016745,3.0625,3.0625,4.5,TTQB,NA,BALDWIN ,BLACKPMS 186 RED AQUEOUS COATING,7.77875,7.77875,11.43,2,32.72x46.16,36,48.5,NA,NA,NA,NA,NA,NA,NA,NA,NA,NA,NA,NA,NA,NA
CAPLE,CTNG2BALDPF9814,NA,016747,4.5625,4.5625,7.25,TTAB,NA,BALDWIN PF9814,BLACKPMS 186 RED AQUEOUS COATING,11.58875,11.58875,18.415,2,NA,52,76,NA,NA,NA,NA,NA,NA,NA,NA,NA,NA,NA,NA,NA,NA
CAPLE,N=CTNB1BALD,NA,16749,3.4375,3.4375,4.375,TTQB,NA,BALDWIN ,BLACKPMS 186 RED AQUEOUS COATING,8.73125,8.73125,11.1125,2,36.54x47.99,39.5,50.5,NA,NA,NA,NA,NA,NA,NA,NA,NA,NA,NA,NA,NA,NA
CAPLE,N=CTNC2BALD,NA,16752,3.875,3.875,5.4375,TTQB,NA,BALDWIN ,BLACKPMS 186 RED AQUEOUS COATING,9.8425,9.8425,13.81125,2,40.98x56.56,44,59,NA,NA,NA,NA,NA,NA,NA,NA,NA,NA,NA,NA,NA,NA
CAPLE,CTNC4BALDPF7744,NA,16756,3.875,3.875,7.25,TTAB,NA,BALDWIN PF7744,BLACKPMS 186 RED AQUEOUS COATING,9.8425,9.8425,18.415,2,40.8X68.85,44,71.5,NA,NA,NA,NA,NA,NA,NA,NA,NA,NA,NA,NA,NA,NA
CAPLE,CTNG2BALDPF7930,NA,16762,4.5625,4.5625,7.25,TTAB,NA,BALDWIN PF7930,BLACKPMS 186 RED AQUEOUS COATING,11.58875,11.58875,18.415,2,NA,52,76,NA,NA,NA,NA,NA,NA,NA,NA,NA,NA,NA,NA,NA,NA
CAPLE,N=CTNB2BALD,NA,16771,3.4375,3.4375,6.3125,TTQB,NA,BALDWIN ,BLACKPMS 186 RED AQUEOUS COATING,8.73125,8.73125,16.03375,2,36.54x57.87,39.5,60.5,NA,NA,NA,NA,NA,NA,NA,NA,NA,NA,NA,NA,NA,NA
CAPLE,N=CTNC4BALDPF7986,NA,16777,3.875,3.875,7.25,TTAB,NA,BALDWIN PF7986,BLACKPMS 186 RED AQUEOUS COATING,9.8425,9.8425,18.415,2,40.8X68.85,44,71.5,NA,NA,NA,NA,NA,NA,NA,NA,NA,NA,NA,NA,NA,NA
CAPLE,N=CTNG1BALD,NA,16778,4.5625,4.5625,5.25,TTQB,NA,BALDWIN ,BLACKPMS 186 RED AQUEOUS COATING,11.58875,11.58875,13.335,2,47.96X60.35,51,63,NA,NA,NA,NA,NA,NA,NA,NA,NA,NA,NA,NA,NA,NA
CAPLE,CTNB1BALDPF7777,NA,016782,3.4375,3.4375,4.375,TTAB,NA,BALDWN PF7777,BLACKPMS 186 RED AQUEOUS COATING,8.73125,8.73125,11.1125,2,36.5X49.9,39.5,52,NA,NA,NA,NA,NA,NA,NA,NA,NA,NA,NA,NA,NA,NA
CAPLE,N=CTNG1-1/2BALD,NA,016786,4.5625,4.5625,5.9375,TTQB,NA,BALDWIN ,BLACKPMS 186 RED AQUEOUS COATING,11.58875,11.58875,15.08125,2,47.96x63.84,51,66.5,NA,NA,NA,NA,NA,NA,NA,NA,NA,NA,NA,NA,NA,NA
CAPLE,N=CTNA3BALD,NA,016787,3.0625,3.0625,9.0625,TTQB,NA,BALDWIN ,BLACKPMS 186 RED AQUEOUS COATING,7.77875,7.77875,23.01875,2,32.72x69.39,36,72,NA,NA,NA,NA,NA,NA,NA,NA,NA,NA,NA,NA,NA,NA
CAPLE,CTNG3BALDP20-HD,NA,016798,4.5625,4.5625,9.25,TTAB,NA,BALDWIN P20-HD,BLACKPMS 186 RED AQUEOUS COATING,11.58875,11.58875,23.495,2,47.89X82.72,52,86,NA,NA,NA,NA,NA,NA,NA,NA,NA,NA,NA,NA,NA,NA
CAPLE,CTNC4BALDPF7748,NA,016805,3.875,3.875,7.25,TTAB,NA,BALDWIN PF7748,BLACKPMS 186 RED AQUEOUS COATING,9.8425,9.8425,18.415,2,40.8X68.85,44,71.5,NA,NA,NA,NA,NA,NA,NA,NA,NA,NA,NA,NA,NA,NA
CAPLE,N=CTNC1/2BALDPF7735,NA,016806,3.875,3.875,4.3125,TTAB,NA,BALDWIN PF7735,BLACKPMS 186 RED AQUEOUS COATING,9.8425,9.8425,10.95375,2,NA,44,56.5,NA,NA,NA,NA,NA,NA,NA,NA,NA,NA,NA,NA,NA,NA
CAPLE,N=CTNJ1BALDNOPG,NA,016812,2.5,2.5,2,TTQB,NA,BALDWIN ,BLACKPMS 186 RED AQUEOUS COATING,6.35,6.35,5.08,4,29.56x54.02,32.5,56.5,NA,NA,NA,NA,NA,NA,NA,NA,NA,NA,NA,NA,NA,NA
CAPLE,N=CTNF1BALDP7233,NA,016813,5.125,5.125,7.125,TTFFAB,NA,BALDWIN P7233,BLACKPMS 186 RED AQUEOUS COATING,13.0175,13.0175,18.0975,1,45.64x53.65,48.5,56,NA,NA,NA,NA,NA,NA,NA,NA,NA,NA,NA,NA,NA,NA
CAPLE,CTNA1-1/2BALDPF10,NA,016824,3.0625,3.0625,5.1875,TTAB,NA,BALDWIN PF10,BLACKPMS 186 RED AQUEOUS COATING,7.77875,7.77875,13.17625,2,NA,35.5,55,NA,NA,NA,NA,NA,NA,NA,NA,NA,NA,NA,NA,NA,NA
CAPLE,N=CTNC1/2BALD,NA,016830,3.875,3.875,4.3125,TTQB,NA,BALDWIN ,BLACKPMS 186 RED AQUEOUS COATING,9.8425,9.8425,10.95375,2,40.98x50.82,44,67,NA,NA,NA,NA,NA,NA,NA,NA,NA,NA,NA,NA,NA,NA
CAPLE,N=CTNC3-1/2BALD,NA,016831,3.875,3.875,6.25,TTQB,NA,BALDWIN ,BLACKPMS 186 RED AQUEOUS COATING,9.8425,9.8425,15.875,2,40.98x60.68,44,63,NA,NA,NA,NA,NA,NA,NA,NA,NA,NA,NA,NA,NA,NA
CAPLE,N=CTNC3BALD,NA,016837,3.875,3.875,5.8125,TTQB,NA,BALDWIN ,BLACKPMS 186 RED AQUEOUS COATING,9.8425,9.8425,14.76375,2,40.98x58.46,44,61,NA,NA,NA,NA,NA,NA,NA,NA,NA,NA,NA,NA,NA,NA
CAPLE,N=CTNG3BALD,NA,016846,4.5625,4.5625,9.25,TTQB,NA,BALDWIN ,BLACKPMS 186 RED AQUEOUS COATING,11.58875,11.58875,23.495,2,47.9x80.67,51,83,NA,NA,NA,NA,NA,NA,NA,NA,NA,NA,NA,NA,NA,NA
CAPLE,N=CTNP1-1/2-4BBALD,NA,016851,4.25,1.5,4.25,MSTE,NA,BALDWIN,BLACKPMS 186 RED AQUEOUS COATING,10.795,3.81,10.795,2,31.71X41,35,43.5,NA,NA,NA,NA,NA,NA,NA,NA,NA,NA,NA,NA,NA,NA
CAPLE,N=CTNB1-1/2BALD,NA,016860,3.4375,3.4375,5.125,TTQB,NA,BALDWIN ,BLACKPMS 186 RED AQUEOUS COATING,8.73125,8.73125,13.0175,2,36.54x51.80,39.5,54.5,NA,NA,NA,NA,NA,NA,NA,NA,NA,NA,NA,NA,NA,NA
CAPLE,N=CTNA2BALD,NA,016869,3.0625,3.0625,6.75,TTQB,NA,BALDWIN ,BLACKPMS 186 RED AQUEOUS COATING,7.77875,7.77875,17.145,2,32.72x57.60,36,60,NA,NA,NA,NA,NA,NA,NA,NA,NA,NA,NA,NA,NA,NA
CAPLE,CTNG2BALDPF7928,NA,016870,4.5625,4.5625,7.25,TTAB,NA,BALDWIN PF7928,BLACKPMS 186 RED AQUEOUS COATING,11.58875,11.58875,18.415,2,NA,52,76,NA,NA,NA,NA,NA,NA,NA,NA,NA,NA,NA,NA,NA,NA
CAPLE,N=CTN79IBALD,NA,016879,4.25,4.25,10.4375,TTQB,NA,BALDWIN ,BLACKPMS 186 RED AQUEOUS COATING,10.795,10.795,26.51125,1,45.9X44.79,49,47,NA,NA,NA,NA,NA,NA,NA,NA,NA,NA,NA,NA,NA,NA
CAPLE,CTNC5BALDPT707-HD,NA,016885,3.875,3.875,9.5,TTAB,NA,BALDWIN PT707-HD,BLACKPMS 186 RED AQUEOUS COATING,9.8425,9.8425,24.13,2,NA,44,82.5,NA,NA,NA,NA,NA,NA,NA,NA,NA,NA,NA,NA,NA,NA
CAPLE,CTNC4BALDPF7680,NA,016893,3.875,3.875,7.25,TTAB,NA,BALDWIN PF7680,BLACKPMS 186 RED AQUEOUS COATING,9.8425,9.8425,18.415,2,40.8X68.85,44,71.5,NA,NA,NA,NA,NA,NA,NA,NA,NA,NA,NA,NA,NA,NA
